,Titles,Categories
0,Comment préparer des bocaux de cornichons aigres-doux ?,Astuces
1,Comment obtenir un crédit d’impôt en 2020 ?,Non classé
2,Pourquoi opter pour une piscine en béton projeté ?,Maison
3,Obtenez 50% de crédit d’impôt grâce aux services à la personne,Maison
4,Déposer un nom de domaine,High-Tech
5,Mac : Comment résoudre le problème de lenteur ?,High-Tech
6,Qui oserait avoir un site web non responsive ?,High-Tech
7,Pourquoi le SEO est-il un levier de croissance durable ?,Professionnels
8,Une assurance à toute épreuve,Assurances
9,Quel est l’intérêt d’investir dans le recours à un avocat après un accident de la route grave ?,Assurances
